{"cameraMode":{"drawMode":0,"name":"Shaded","section":"Shading Mode"},"sceneLighting":false,"audioPlay":false,"sceneViewState":{"showFog":false,"showMaterialUpdate":false,"showSkybox":false,"showFlares":false,"showImageEffects":false,"showParticleSystems":false},"in2DMode":false,"pivot":{"x":3.310169219970703,"y":3.518265724182129,"z":-1.5489616394042969},"rotation":{"x":-0.10060089826583862,"y":0.027453575283288957,"z":-0.0027767482679337265,"w":-0.9945473670959473},"size":21.82234001159668,"orthographic":false}